source_book_id,filename,display_name,category,source_family_id,level,role,records,within_book_duplicate_rows
sb:521694fe6dcb82,GMAT_3_T.json,GMAT_3_T,advanced_exam,exam:gmat,advanced,selection_list,3047,0
sb:2306a33e4a04ff,GRE-computer-based-test.json,GRE-computer-based-test,advanced_exam,exam:gre,advanced,selection_list,1451,0
sb:8aa75daa8f9f27,GRE3000_3_T.json,GRE3000_3_T,advanced_exam,exam:gre,advanced,selection_list,3036,0
sb:d3590a44b07684,GRE_1500.json,GRE_1500,advanced_exam,exam:gre,advanced,selection_list,1532,0
sb:d5a4b00b7d684b,GRE_3_T.json,GRE_3_T,advanced_exam,exam:gre,advanced,selection_list,6514,0
sb:e3e4a07bde6e12,GRE_equivalent.json,GRE_equivalent,advanced_exam,exam:gre,advanced,selection_list,827,0
sb:14985e7b2b3999,SAT_3_T.json,SAT_3_T,advanced_exam,exam:sat,advanced,selection_list,4463,0
sb:9aee5931a9402e,ZaiYaoNiMing_GRE3000.json,ZaiYaoNiMing_GRE3000,advanced_exam,exam:gre,advanced,selection_list,3041,7
sb:c0eb65d2be0602,gre-ciyileiji.json,gre-ciyileiji,advanced_exam,exam:gre,advanced,selection_list,8384,0
sb:12878859c3de49,BEC_2_T.json,BEC_2_T,business_exam,exam:bec,business,selection_list,2752,0
sb:cd772002278af2,BEC_3_T.json,BEC_3_T,business_exam,exam:bec,business,selection_list,2824,0
sb:ecf3b3d3d7999e,Duolingo_Vocabulary_B1.json,Duolingo_Vocabulary_B1,cefr_course,course:duolingo,b1,selection_list,801,0
sb:c05668907ef420,Duolingo_Vocabulary_B2.json,Duolingo_Vocabulary_B2,cefr_course,course:duolingo,b2,selection_list,1423,0
sb:7027be8ace3895,Duolingo_Vocabulary_C1.json,Duolingo_Vocabulary_C1,cefr_course,course:duolingo,c1,selection_list,1314,1
sb:65f6a940a3d849,it-words.json,it-words,domain_it,domain:it,specialist,selection_list,1700,0
sb:93d3211c9a1d2f,itVocabulary.json,itVocabulary,domain_it,domain:it,specialist,selection_list,1665,0
sb:2fd724e53f786e,2024HongBao_T1.json,2024HongBao_T1,domestic_exam,exam:kaoyan,academic,selection_list,997,0
sb:1a235b202d8bdd,2024HongBao_T2.json,2024HongBao_T2,domestic_exam,exam:kaoyan,academic,selection_list,854,0
sb:e22375d1775e02,2025KaoYanHongBaoShu.json,2025KaoYanHongBaoShu,domestic_exam,exam:kaoyan,academic,selection_list,6705,3
sb:777382a548c216,926.json,926,domestic_exam,exam:kaoyan,academic,selection_list,926,0
sb:8a8694f48b30c8,CET-4-frequency.json,CET-4-frequency,domestic_exam,exam:cet4,intermediate,selection_list,2607,0
sb:7865443d893cc8,CET4_T.json,CET4_T,domestic_exam,exam:cet4,intermediate,selection_list,2607,0
sb:b31f66f1c19efc,CET6_T.json,CET6_T,domestic_exam,exam:cet6,intermediate,selection_list,2345,0
sb:1c41dc2b297966,DanCiDeJianFa_4.json,DanCiDeJianFa_4,domestic_exam,exam:cet4,intermediate,selection_list,1957,278
sb:ff1577422f7da6,DanCiDeJianFa_6.json,DanCiDeJianFa_6,domestic_exam,exam:cet6,intermediate,selection_list,1949,201
sb:a538cf11dff255,DanCiDeMimi_1.json,DanCiDeMimi_1,domestic_exam,exam:kaoyan,academic,selection_list,4264,0
sb:4fd757443ea2bf,DanCiDeMimi_2.json,DanCiDeMimi_2,domestic_exam,exam:kaoyan,academic,selection_list,2854,0
sb:8a79ac9172e219,English_II.json,English_II,domestic_exam,exam:kaoyan,academic,selection_list,4549,0
sb:586c983738fc9e,GaoKaoZhenTiHeXinGaoPin.json,GaoKaoZhenTiHeXinGaoPin,domestic_exam,exam:gaokao,intermediate,selection_list,799,110
sb:ac36bd5dd806fb,GaoKao_3500.json,GaoKao_3500,domestic_exam,exam:gaokao,intermediate,selection_list,3875,0
sb:98d8ab1a243e10,KaoYanShanGuo_2023.json,KaoYanShanGuo_2023,domestic_exam,exam:kaoyan,academic,selection_list,1771,0
sb:5edd8a45d12385,KaoYan_2024.json,KaoYan_2024,domestic_exam,exam:kaoyan,academic,selection_list,3731,0
sb:15c5e94a520a29,KaoYan_3_T.json,KaoYan_3_T,domestic_exam,exam:kaoyan,academic,selection_list,3727,0
sb:1c75b61e3ab255,Level4luan_2_T.json,Level4luan_2_T,domestic_exam,exam:tem4,intermediate,selection_list,4025,0
sb:01dca7639887e0,Level8luan_2_T.json,Level8luan_2_T,domestic_exam,exam:tem8,advanced,selection_list,12197,0
sb:0236c33fa21026,PETS3-2023.json,PETS3-2023,domestic_exam,exam:public-english,intermediate,selection_list,4439,0
sb:5d86379e55d609,PETS_3.json,PETS_3,domestic_exam,exam:public-english,intermediate,selection_list,1940,0
sb:e3b5d119c0b769,ZhongKaoHeXin.json,ZhongKaoHeXin,domestic_exam,exam:zhongkao,foundation,selection_list,2135,0
sb:582ff217183252,adult-self-study-examination.json,adult-self-study-examination,domestic_exam,exam:self-study,intermediate,selection_list,3692,2
sb:a1fe6036c051f8,gaokao-yuedu-gaopin.json,gaokao-yuedu-gaopin,domestic_exam,exam:gaokao,intermediate,selection_list,688,7
sb:619722837e0c78,hongbaoshu-2026.json,hongbaoshu-2026,domestic_exam,exam:kaoyan,academic,selection_list,4858,88
sb:b59f4002797ebc,kaoyanshanguo2025.json,kaoyanshanguo2025,domestic_exam,exam:kaoyan,academic,selection_list,2257,3
sb:39f20ab5d49576,ket2021.json,ket2021,domestic_exam,exam:public-english,intermediate,selection_list,892,0
sb:9a7b689a75bf0b,pet-vacabulary-list-2024.json,pet-vacabulary-list-2024,domestic_exam,exam:public-english,intermediate,selection_list,1871,334
sb:a7d4c1f96185fa,self-study_English1.json,self-study_English1,domestic_exam,exam:self-study,intermediate,selection_list,1800,2
sb:43af9df8b84a52,self-study_English2.json,self-study_English2,domestic_exam,exam:self-study,intermediate,selection_list,2181,9
sb:f43cf960506943,self-study_English3.json,self-study_English3,domestic_exam,exam:self-study,intermediate,selection_list,4603,436
sb:b1a814e86cd91c,xinghuoqiaoji_4.json,xinghuoqiaoji_4,domestic_exam,exam:cet4,intermediate,selection_list,2522,100
sb:b5adbb79938e05,xinghuoqiaoji_6.json,xinghuoqiaoji_6,domestic_exam,exam:cet6,intermediate,selection_list,7520,1515
sb:a9afb6a494b98c,zhuan-cha-ben.json,zhuan-cha-ben,domestic_exam,exam:transfer-student,intermediate,selection_list,3214,0
sb:dd8fb4309f683e,frequently_used_word01.json,frequently_used_word01,frequency_core,frequency:frequent-series,core,selection_list,679,0
sb:51d499bb697b87,frequently_used_word02.json,frequently_used_word02,frequency_core,frequency:frequent-series,core,selection_list,1040,0
sb:ac357ee130d329,top2000words.json,top2000words,frequency_core,frequency:top2000,core,selection_list,1865,0
sb:20a17e404f356d,Top1000VerbWords.json,Top1000VerbWords,frequency_pos,frequency:part-of-speech,core,selection_list,1011,0
sb:be4a1fc9baf13a,Top1500NounWords.json,Top1500NounWords,frequency_pos,frequency:part-of-speech,core,selection_list,1525,0
sb:afa0805bebc804,Top250AdverbWords.json,Top250AdverbWords,frequency_pos,frequency:part-of-speech,core,selection_list,255,0
sb:eb775d983c7a13,Top500AdjectiveWords.json,Top500AdjectiveWords,frequency_pos,frequency:part-of-speech,core,selection_list,527,0
sb:ee9987adcaaafd,Top50Prepositions.json,Top50Prepositions,frequency_pos,frequency:part-of-speech,core,selection_list,46,0
sb:064465cac43ba5,Top60Pronouns.json,Top60Pronouns,frequency_pos,frequency:part-of-speech,core,selection_list,59,0
sb:d281a1c6f59fb1,3000_ClassRoom_English_Words.json,3000_ClassRoom_English_Words,general_core,reference:classroom3000,core,selection_list,2991,4
sb:79742ee473fa57,4000_Essential_English_Words-meaning.json,4000_Essential_English_Words-meaning,general_core,reference:essential4000,core,selection_list,3600,7
sb:9c7b52f4866440,Longman_Communication_3000.json,Longman_Communication_3000,general_core,reference:longman3000,core,selection_list,3168,10
sb:ef4a086876df2f,Oxford3000.json,Oxford3000,general_core,reference:oxford3000,core,selection_list,1339,0
sb:23f5bf973a5a7b,Cambridge_JOIN_IN.json,Cambridge_JOIN_IN,general_course,course:cambridge-join-in,foundation,selection_list,1350,118
sb:103ac152ce77f6,ReadingExplorer3.json,ReadingExplorer3,general_course,course:reading-explorer,academic,selection_list,239,0
sb:47c1eb69740b8b,YiLin_1.json,YiLin_1,general_course,course:yilin,progressive,selection_list,275,0
sb:35ebf5b27ece48,YiLin_2.json,YiLin_2,general_course,course:yilin,progressive,selection_list,294,0
sb:ce908b5545d0de,YiLin_3.json,YiLin_3,general_course,course:yilin,progressive,selection_list,295,0
sb:a6a96474fe9b13,nce-new-1.json,nce-new-1,general_course,course:new-concept,progressive,selection_list,867,0
sb:662d9a1b9de54c,nce-new-2.json,nce-new-2,general_course,course:new-concept,progressive,selection_list,839,0
sb:6c74a9e662b368,nce-new-3.json,nce-new-3,general_course,course:new-concept,progressive,selection_list,1050,0
sb:485f1ca291c083,nce-new-4.json,nce-new-4,general_course,course:new-concept,progressive,selection_list,784,0
sb:de8af5b02ce54d,tingshuokaoshi.json,tingshuokaoshi,general_course,course:skills,intermediate,selection_list,539,0
sb:ff22bc7c9ed6e2,voa.json,voa,general_course,course:voa,listening,selection_list,1503,0
sb:1317c6462c1bbf,xueshiyingyu.json,xueshiyingyu,general_course,course:skills,intermediate,selection_list,896,0
sb:2c5afe82d3a64f,Macmillan7000.json,Macmillan7000,general_expansion,reference:macmillan7000,expansion,selection_list,6265,0
sb:3628ed4d682dc0,Oxford5000.json,Oxford5000,general_expansion,reference:oxford5000,expansion,selection_list,5497,0
sb:23098e570ba6c2,DuckCircle_IELTS.json,DuckCircle_IELTS,international_exam,exam:ielts,academic,selection_list,2644,37
sb:ca7448776cccab,HeQiong_IELTS.json,HeQiong_IELTS,international_exam,exam:ielts,academic,selection_list,2470,0
sb:433bf5bb0d138a,IELTSKingLu807.json,IELTSKingLu807,international_exam,exam:ielts,academic,selection_list,1852,0
sb:444411781f8569,IELTSVocabularyBible.json,IELTSVocabularyBible,international_exam,exam:ielts,academic,selection_list,3673,43
sb:f91bbeebc300cb,IELTS_3_T.json,IELTS_3_T,international_exam,exam:ielts,academic,selection_list,3575,0
sb:d2f2d77c6ec47a,IELTS_XDF_7000.json,IELTS_XDF_7000,international_exam,exam:ielts,academic,selection_list,5474,0
sb:a2aa84ae02db13,IELTS_disorder.json,IELTS_disorder,international_exam,exam:ielts,academic,selection_list,9387,0
sb:57ff2a31b46faf,IELTS_tinglichangjing.json,IELTS_tinglichangjing,international_exam,exam:ielts,academic,selection_list,1204,33
sb:49072e56ca2414,PTE_Advanced_apeuni.json,PTE_Advanced_apeuni,international_exam,exam:pte,academic,selection_list,3169,0
sb:832626c8a2971b,PTE_Basic_apeuni.json,PTE_Basic_apeuni,international_exam,exam:pte,academic,selection_list,2652,1
sb:5f0547b54d3898,PTE_FIB_L.json,PTE_FIB_L,international_exam,exam:pte,academic,selection_list,646,0
sb:cf8889a820503a,PTE_FIB_R_junior.json,PTE_FIB_R_junior,international_exam,exam:pte,academic,selection_list,941,0
sb:60b0399362b61d,PTE_FIB_R_senior.json,PTE_FIB_R_senior,international_exam,exam:pte,academic,selection_list,1272,0
sb:061343a1ed7f07,PTE_Listening_apeuni.json,PTE_Listening_apeuni,international_exam,exam:pte,academic,selection_list,674,0
sb:5bcef391cd5d55,PTE_Read_apeuni.json,PTE_Read_apeuni,international_exam,exam:pte,academic,selection_list,630,0
sb:6cd1e9bc2077bb,PTE_WFD.json,PTE_WFD,international_exam,exam:pte,academic,selection_list,1212,0
sb:c53ad8e42a793b,PTE_junior.json,PTE_junior,international_exam,exam:pte,academic,selection_list,2651,0
sb:6c82e0cb9ef38c,PTE_senior.json,PTE_senior,international_exam,exam:pte,academic,selection_list,3170,0
sb:8bbd152bfc43d7,TOEFL_3_T.json,TOEFL_3_T,international_exam,exam:toefl,academic,selection_list,4263,0
sb:00bff53191c4c3,TOEFL_ZhangHongYan.json,TOEFL_ZhangHongYan,international_exam,exam:toefl,academic,selection_list,4032,472
sb:487a7d6954dacf,TOEIC.json,TOEIC,international_exam,exam:toeic,business,selection_list,1694,0
sb:93f7185a6ea186,ielts-807.json,ielts-807,international_exam,exam:ielts,academic,selection_list,4113,0
sb:b7eb147e7caa09,ielts-real-high.json,ielts-real-high,international_exam,exam:ielts,academic,selection_list,524,0
sb:a5f97970921353,BeiShiGaoZhong_10_T.json,BeiShiGaoZhong_10_T,school_high,curriculum:high,foundation,selection_list,267,0
sb:a9867857015239,BeiShiGaoZhong_11_T.json,BeiShiGaoZhong_11_T,school_high,curriculum:high,foundation,selection_list,330,0
sb:3df62b8db51750,BeiShiGaoZhong_1_T.json,BeiShiGaoZhong_1_T,school_high,curriculum:high,foundation,selection_list,226,0
sb:93328653b86389,BeiShiGaoZhong_2_T.json,BeiShiGaoZhong_2_T,school_high,curriculum:high,foundation,selection_list,244,1
sb:5669ee21c5353d,BeiShiGaoZhong_3_T.json,BeiShiGaoZhong_3_T,school_high,curriculum:high,foundation,selection_list,295,1
sb:5bc028329baa76,BeiShiGaoZhong_4_T.json,BeiShiGaoZhong_4_T,school_high,curriculum:high,foundation,selection_list,336,0
sb:1fbc948514e88f,BeiShiGaoZhong_5_T.json,BeiShiGaoZhong_5_T,school_high,curriculum:high,foundation,selection_list,327,0
sb:374bcc5c6e5e7f,BeiShiGaoZhong_6_T.json,BeiShiGaoZhong_6_T,school_high,curriculum:high,foundation,selection_list,271,0
sb:bb959593de6648,BeiShiGaoZhong_7_T.json,BeiShiGaoZhong_7_T,school_high,curriculum:high,foundation,selection_list,334,1
sb:bf241d6df3bbfd,BeiShiGaoZhong_8_T.json,BeiShiGaoZhong_8_T,school_high,curriculum:high,foundation,selection_list,364,0
sb:bb01dce8cc64ce,BeiShiGaoZhong_9_T.json,BeiShiGaoZhong_9_T,school_high,curriculum:high,foundation,selection_list,299,0
sb:0aaa5602bf8868,PEPGaoZhong_10_T.json,PEPGaoZhong_10_T,school_high,curriculum:high,foundation,selection_list,361,0
sb:82cc4a974ac0b9,PEPGaoZhong_11_T.json,PEPGaoZhong_11_T,school_high,curriculum:high,foundation,selection_list,309,0
sb:a25250152ad41f,PEPGaoZhong_1_T.json,PEPGaoZhong_1_T,school_high,curriculum:high,foundation,selection_list,311,0
sb:8c32787299561e,PEPGaoZhong_2_T.json,PEPGaoZhong_2_T,school_high,curriculum:high,foundation,selection_list,319,0
sb:ca8a7058847b4c,PEPGaoZhong_3_T.json,PEPGaoZhong_3_T,school_high,curriculum:high,foundation,selection_list,366,0
sb:7fc009dcbc889b,PEPGaoZhong_4_T.json,PEPGaoZhong_4_T,school_high,curriculum:high,foundation,selection_list,307,0
sb:a1a1606bdf4074,PEPGaoZhong_5_T.json,PEPGaoZhong_5_T,school_high,curriculum:high,foundation,selection_list,357,0
sb:b63168ce15bea4,PEPGaoZhong_6_T.json,PEPGaoZhong_6_T,school_high,curriculum:high,foundation,selection_list,391,0
sb:d99b3b25637144,PEPGaoZhong_7_T.json,PEPGaoZhong_7_T,school_high,curriculum:high,foundation,selection_list,384,0
sb:61df47c08be7a7,PEPGaoZhong_8_T.json,PEPGaoZhong_8_T,school_high,curriculum:high,foundation,selection_list,420,0
sb:2ce33d277cc94c,PEPGaoZhong_9_T.json,PEPGaoZhong_9_T,school_high,curriculum:high,foundation,selection_list,352,0
sb:132acceb34ea30,WaiYanSheGaoZhong_1_T.json,WaiYanSheGaoZhong_1_T,school_high,curriculum:high,foundation,selection_list,411,1
sb:daaac9c99310a4,WaiYanSheGaoZhong_2_T.json,WaiYanSheGaoZhong_2_T,school_high,curriculum:high,foundation,selection_list,272,0
sb:238c7f9f630799,Newwaiyan7-1.json,Newwaiyan7-1,school_junior,curriculum:junior,foundation,selection_list,294,0
sb:1ad51ea8da1430,Newwaiyan7-2.json,Newwaiyan7-2,school_junior,curriculum:junior,foundation,selection_list,305,0
sb:24fdea7902bd55,OxfordVocabulary_juniorMiddleSH.json,OxfordVocabulary_juniorMiddleSH,school_junior,curriculum:junior,foundation,selection_list,1270,12
sb:972ce4894bfe8d,PEPChuZhong7_1_T.json,PEPChuZhong7_1_T,school_junior,curriculum:junior,foundation,selection_list,392,6
sb:5925f00f5a228a,PEPChuZhong7_2_T.json,PEPChuZhong7_2_T,school_junior,curriculum:junior,foundation,selection_list,492,0
sb:8e3a009bec672e,PEPChuZhong8_1_T.json,PEPChuZhong8_1_T,school_junior,curriculum:junior,foundation,selection_list,419,1
sb:3c0ce8f143bf54,PEPChuZhong8_2_T.json,PEPChuZhong8_2_T,school_junior,curriculum:junior,foundation,selection_list,466,3
sb:f62a64058293ef,PEPChuZhong9_1_T.json,PEPChuZhong9_1_T,school_junior,curriculum:junior,foundation,selection_list,551,1
sb:295c16334876f0,WaiYanSheChuZhong_1-Volume-down.json,WaiYanSheChuZhong_1-Volume-down,school_junior,curriculum:junior,foundation,selection_list,118,0
sb:467c4e9c376a70,WaiYanSheChuZhong_1-Volume-up.json,WaiYanSheChuZhong_1-Volume-up,school_junior,curriculum:junior,foundation,selection_list,138,0
sb:46bc3b534a8f46,WaiYanSheChuZhong_1_T.json,WaiYanSheChuZhong_1_T,school_junior,curriculum:junior,foundation,selection_list,629,10
sb:a1cfb6c1575f12,WaiYanSheChuZhong_2-Volume-down.json,WaiYanSheChuZhong_2-Volume-down,school_junior,curriculum:junior,foundation,selection_list,110,1
sb:1e6b9a907819ae,WaiYanSheChuZhong_2-Volume-top.json,WaiYanSheChuZhong_2-Volume-top,school_junior,curriculum:junior,foundation,selection_list,118,1
sb:f8133a41665a74,WaiYanSheChuZhong_2_T.json,WaiYanSheChuZhong_2_T,school_junior,curriculum:junior,foundation,selection_list,438,8
sb:13b9d9abeee0c1,WaiYanSheChuZhong_3-Volume-down.json,WaiYanSheChuZhong_3-Volume-down,school_junior,curriculum:junior,foundation,selection_list,106,2
sb:c4a405e5898dda,WaiYanSheChuZhong_3-Volume-top.json,WaiYanSheChuZhong_3-Volume-top,school_junior,curriculum:junior,foundation,selection_list,82,0
sb:1742ba6ccac3bb,WaiYanSheChuZhong_3_T.json,WaiYanSheChuZhong_3_T,school_junior,curriculum:junior,foundation,selection_list,320,3
sb:a94ae6b7fe93be,WaiYanSheChuZhong_4-Volume-down.json,WaiYanSheChuZhong_4-Volume-down,school_junior,curriculum:junior,foundation,selection_list,78,0
sb:104a54716797f5,WaiYanSheChuZhong_4-Volume-top.json,WaiYanSheChuZhong_4-Volume-top,school_junior,curriculum:junior,foundation,selection_list,116,5
sb:c9e3d532ff951d,WaiYanSheChuZhong_4_T.json,WaiYanSheChuZhong_4_T,school_junior,curriculum:junior,foundation,selection_list,266,3
sb:c19c66ee3f1088,WaiYanSheChuZhong_5-Volume-down.json,WaiYanSheChuZhong_5-Volume-down,school_junior,curriculum:junior,foundation,selection_list,72,1
sb:3ab39d03adee29,WaiYanSheChuZhong_5-Volume-top.json,WaiYanSheChuZhong_5-Volume-top,school_junior,curriculum:junior,foundation,selection_list,80,0
sb:0eff7170e52bb5,WaiYanSheChuZhong_5_T.json,WaiYanSheChuZhong_5_T,school_junior,curriculum:junior,foundation,selection_list,381,3
sb:f28b73ab7d7971,WaiYanSheChuZhong_6-Volume-down.json,WaiYanSheChuZhong_6-Volume-down,school_junior,curriculum:junior,foundation,selection_list,91,0
sb:3c18da26914d1d,WaiYanSheChuZhong_6-Volume-top.json,WaiYanSheChuZhong_6-Volume-top,school_junior,curriculum:junior,foundation,selection_list,61,0
sb:f9b4b351c7c109,WaiYanSheChuZhong_6_T.json,WaiYanSheChuZhong_6_T,school_junior,curriculum:junior,foundation,selection_list,128,1
sb:c0370f737562ab,beijing_junior_high_school.json,beijing_junior_high_school,school_junior,curriculum:junior,foundation,selection_list,1844,5
sb:c1676c6e19e11b,jiJiao7-1.json,jiJiao7-1,school_junior,curriculum:junior,foundation,selection_list,557,0
sb:8ad2e58b09758f,jiJiao7-2.json,jiJiao7-2,school_junior,curriculum:junior,foundation,selection_list,513,0
sb:2afd04b339619c,jiJiao8-1.json,jiJiao8-1,school_junior,curriculum:junior,foundation,selection_list,420,0
sb:5a6a29f710c9d2,jiJiao8-2.json,jiJiao8-2,school_junior,curriculum:junior,foundation,selection_list,487,0
sb:eda53465c034fb,jiJiao9.json,jiJiao9,school_junior,curriculum:junior,foundation,selection_list,636,0
sb:329f17b18be294,shanghai-6-2-word.json,shanghai-6-2-word,school_junior,curriculum:junior,foundation,selection_list,274,0
sb:c955f6ccab43c6,PEPXiaoXue3_1_T.json,PEPXiaoXue3_1_T,school_primary,curriculum:primary,foundation,selection_list,64,0
sb:4d87026f352ffe,PEPXiaoXue3_2_T.json,PEPXiaoXue3_2_T,school_primary,curriculum:primary,foundation,selection_list,72,0
sb:d0b6b1ff2e4826,PEPXiaoXue4_1_T.json,PEPXiaoXue4_1_T,school_primary,curriculum:primary,foundation,selection_list,84,0
sb:faeaace0debab7,PEPXiaoXue4_2_T.json,PEPXiaoXue4_2_T,school_primary,curriculum:primary,foundation,selection_list,104,0
sb:55151d91fa3069,PEPXiaoXue5_1_T.json,PEPXiaoXue5_1_T,school_primary,curriculum:primary,foundation,selection_list,131,1
sb:eb056e0a24d5c9,PEPXiaoXue5_2_T.json,PEPXiaoXue5_2_T,school_primary,curriculum:primary,foundation,selection_list,156,1
sb:14885126b42442,PEPXiaoXue6_1_T.json,PEPXiaoXue6_1_T,school_primary,curriculum:primary,foundation,selection_list,130,1
sb:4c7d573d7ee11e,PEPXiaoXue6_2_T.json,PEPXiaoXue6_2_T,school_primary,curriculum:primary,foundation,selection_list,108,0
sb:ca2a5aa5d40f64,PEP_SL_XiaoXue1_1_t.json,PEP_SL_XiaoXue1_1_t,school_primary,curriculum:primary,foundation,selection_list,52,0
sb:4c86d6d85989cf,PEP_SL_XiaoXue1_2_t.json,PEP_SL_XiaoXue1_2_t,school_primary,curriculum:primary,foundation,selection_list,45,0
sb:d7c8bf6237cd4d,PEP_SL_XiaoXue2_1_t.json,PEP_SL_XiaoXue2_1_t,school_primary,curriculum:primary,foundation,selection_list,54,0
sb:fbe0a5bb33c633,PEP_SL_XiaoXue2_2_t.json,PEP_SL_XiaoXue2_2_t,school_primary,curriculum:primary,foundation,selection_list,55,0
sb:fa28a17988ddcd,PEP_SL_XiaoXue3_1_t.json,PEP_SL_XiaoXue3_1_t,school_primary,curriculum:primary,foundation,selection_list,103,2
sb:bd8f8b15208965,PEP_SL_XiaoXue3_2_t.json,PEP_SL_XiaoXue3_2_t,school_primary,curriculum:primary,foundation,selection_list,84,0
sb:7899056d37d3e1,PEP_SL_XiaoXue4_1_t.json,PEP_SL_XiaoXue4_1_t,school_primary,curriculum:primary,foundation,selection_list,115,0
sb:2bf423870afea4,PEP_SL_XiaoXue4_2_t.json,PEP_SL_XiaoXue4_2_t,school_primary,curriculum:primary,foundation,selection_list,87,1
sb:4990245a9aa0b6,PEP_SL_XiaoXue5_1_t.json,PEP_SL_XiaoXue5_1_t,school_primary,curriculum:primary,foundation,selection_list,66,0
sb:61305b6f193fb8,PEP_SL_XiaoXue5_2_t.json,PEP_SL_XiaoXue5_2_t,school_primary,curriculum:primary,foundation,selection_list,96,0
sb:ef004d1a485349,PEP_SL_XiaoXue6_1_t.json,PEP_SL_XiaoXue6_1_t,school_primary,curriculum:primary,foundation,selection_list,102,2
sb:8885d1928c246e,PEP_SL_XiaoXue6_2_t.json,PEP_SL_XiaoXue6_2_t,school_primary,curriculum:primary,foundation,selection_list,41,0
sb:910a0bd0e89466,jiJiao3-1.json,jiJiao3-1,school_primary,curriculum:primary,foundation,selection_list,74,0
sb:65e0eb48d31052,jiJiao3-2.json,jiJiao3-2,school_primary,curriculum:primary,foundation,selection_list,76,0
sb:d0c7c2770259e8,jiJiao4-1.json,jiJiao4-1,school_primary,curriculum:primary,foundation,selection_list,78,0
sb:29c72ca425b127,jiJiao4-2.json,jiJiao4-2,school_primary,curriculum:primary,foundation,selection_list,83,0
sb:146c5e28e64ba7,jiJiao5-1.json,jiJiao5-1,school_primary,curriculum:primary,foundation,selection_list,78,0
sb:4650d1dff4b301,jiJiao5-2.json,jiJiao5-2,school_primary,curriculum:primary,foundation,selection_list,89,0
sb:ad28746f23c47b,jiJiao6-1.json,jiJiao6-1,school_primary,curriculum:primary,foundation,selection_list,66,0
sb:92db19bba9f1e7,jiJiao6-2.json,jiJiao6-2,school_primary,curriculum:primary,foundation,selection_list,51,0
sb:04e06b980341b9,waiyan-xin-3-1.json,waiyan-xin-3-1,school_primary,curriculum:primary,foundation,selection_list,134,0
sb:8df66ada6284f5,waiyan-xin-3-2.json,waiyan-xin-3-2,school_primary,curriculum:primary,foundation,selection_list,154,0
sb:112198d83b59c5,waiyan-xin-4-1.json,waiyan-xin-4-1,school_primary,curriculum:primary,foundation,selection_list,144,0
sb:03e35cd6a36e92,waiyan-xin-4-2.json,waiyan-xin-4-2,school_primary,curriculum:primary,foundation,selection_list,130,0
sb:152c6c013cebe0,waiyan-xin-5-1.json,waiyan-xin-5-1,school_primary,curriculum:primary,foundation,selection_list,150,0
sb:fb38d89a9f62c6,waiyan-xin-5-2.json,waiyan-xin-5-2,school_primary,curriculum:primary,foundation,selection_list,144,0
sb:2166ee1abc476d,waiyan-xin-6-1.json,waiyan-xin-6-1,school_primary,curriculum:primary,foundation,selection_list,83,0
sb:f386aa373b1e65,waiyan-xin-6-2.json,waiyan-xin-6-2,school_primary,curriculum:primary,foundation,selection_list,105,0
sb:d12110dee1b9fb,Merriam_Webster_sVocabularyBuilder.json,Merriam_Webster_sVocabularyBuilder,vocabulary_builder,reference:merriam-builder,advanced,selection_list,1191,0
